ID,Categoria,Badge,Titulo,Descripcion,Imagen_Principal,Imagenes_Galeria,Colores,Especificaciones,Activo
p1,merchandising,Top,Lanyards Oficiales,Lanyards personalizados con sublimación full color en ambas caras.,https://i.postimg.cc/90Cw1nGD/LANDYARD.jpg,"https://i.postimg.cc/90Cw1nGD/LANDYARD.jpg, https://i.postimg.cc/Zn4vjMrZ/CINTAS.jpg","Sublimado Full, Base Negra",✓ Poliéster Premium | ✓ Ancho 20/25mm | ✓ Mosquetón Metálico | ✓ Sublimación 360°,SI
p2,merchandising,,Cintas para Medallas,Cintas personalizadas para eventos y competencias deportivas.,https://i.postimg.cc/Zn4vjMrZ/CINTAS.jpg,https://i.postimg.cc/Zn4vjMrZ/CINTAS.jpg,Sublimación Full,✓ Terminación suave | ✓ Corte por calor | ✓ Largo a medida | ✓ Full Color,SI
p3,merchandising,Nuevo,Pulseras de Tela,Pulseras textiles personalizables para eventos.,,,Full Color,✓ Cinta tubular | ✓ Cierre plástico o aluminio | ✓ Full Color,NO
p4,indumentaria,Indumentaria,Remeras Personalizadas,"Remeras personalizadas para marcas, eventos y equipos.",https://i.postimg.cc/vTbxXNW1/REMERA.jpg,"https://i.postimg.cc/vTbxXNW1/REMERA.jpg, https://i.postimg.cc/mkB1V5Q4/BUZO-CON-CAPUCHA.jpg","Blanco, Negro, Gris Melange, Azul Marino",✓ 100% Algodón Peinado | ✓ Moldería Clásica/Oversize | ✓ Estampado DTF | ✓ Talles S al XXL,SI
p5,indumentaria,,Buzos Rústicos y Friza,Buzos personalizados con capucha en diferentes materiales y terminaciones.,https://i.postimg.cc/mkB1V5Q4/BUZO-CON-CAPUCHA.jpg,"https://i.postimg.cc/mkB1V5Q4/BUZO-CON-CAPUCHA.jpg, https://i.postimg.cc/J0MHK2bL/BUZO-SIN-CAPUCHA.jpg","Negro, Gris Topo, Blanco, Crudo",✓ Friza Invisible | ✓ Costuras reforzadas | ✓ Capucha forrada | ✓ Cordón con puntera,SI
p6,merchandising,,Cintas Mochileras,Cintas textiles de alta resistencia personalizadas para aplicaciones múltiples.,https://i.postimg.cc/Zn4vjMrZ/CINTAS.jpg,https://i.postimg.cc/Zn4vjMrZ/CINTAS.jpg,"Negro, Personalizado",✓ Hilo de Nylon | ✓ Tejido Jacquard | ✓ Alta resistencia,SI
p7,merchandising,,Correas para Mascotas,Correas estampadas personalizadas para mascotas y pet shops.,https://i.postimg.cc/WzTqSHMs/CORREAS-PERSONALIZADAS.jpg,https://i.postimg.cc/WzTqSHMs/CORREAS-PERSONALIZADAS.jpg,Sublimado Full,✓ Herrajes reforzados | ✓ Costura atraque | ✓ Doble cinta | ✓ Full Color,SI
p8,merchandising,Eco,Tote Bags,Bolsas de lienzo personalizadas para marcas y eventos.,https://i.postimg.cc/HnzcN92x/TOTES.jpg,https://i.postimg.cc/HnzcN92x/TOTES.jpg,"Crudo (Lienzo natural), Negro",✓ Lienzo 100% Algodón | ✓ Estampado DTF | ✓ Manijas reforzadas,SI
p9,merchandising,Marca,Etiquetas de Composición,Etiquetas textiles para reforzar la identidad de tus prendas.,https://i.postimg.cc/NFB2bz1M/ETIS-COMPOS.jpg,https://i.postimg.cc/NFB2bz1M/ETIS-COMPOS.jpg,"Fondo Blanco, Fondo Negro",✓ Raso o Poliamida | ✓ Corte láser / calor | ✓ Resistentes a lavados,SI
p10,merchandising,Nuevo,Banderines de Argentina,Banderines textiles personalizados para eventos.,,,Celeste y Blanco,,NO
p11,merchandising,Insumo,Metros de Cinta Sublimada,Cinta sublimada por metro para confección.,,,Diseño a medida,,NO
p12,merchandising,,Fundas para Libros,Fundas textiles personalizadas para libros.,,,Sublimado Full,,NO